Titulo,Precio
Sal Refisal bolsa x1000g,$2.580 
Arroz Diana blanco x5kg,$19.990 
Café Juan Valdez Colina molido x454g,$31.490 
Café Juan Valdez finca tostado grano x454g,$52.300 
Café Juan Valdez Liofilizado clásico soluble x250g,$51.690 
Sal Refisal bolsa x1000g,$2.580 
Arroz Diana blanco x5kg,$19.990 
Harina PAN maíz blanco x1000g,$3.390 
Arroz Diana blanco x10kg,$46.500 
Aceite Puroil vegetal x3000ml,$22.890 
Arroz Diana blanco x3kg,$13.950 
Pasta Clásica Spaghetti Doria x 1000 g.,$4.890 
Vinagre Cuisine&Co blanco x4000ml,$16.000 
Azúcar Riopaila blanca x2500g,$11.800 
Café Juan Valdez Colina molido x454g,$31.490 
Café Juan Valdez finca tostado grano x454g,$52.300 
Café Juan Valdez Liofilizado clásico soluble x250g,$51.690 
Sal Refisal bolsa x1000g,$2.580 
Arroz Diana blanco x5kg,$19.990 
Harina PAN maíz blanco x1000g,$3.390 
Arroz Diana blanco x10kg,$46.500 
Aceite Puroil vegetal x3000ml,$22.890 
Arroz Diana blanco x3kg,$13.950 
Pasta Clásica Spaghetti Doria x 1000 g.,$4.890 
Vinagre Cuisine&Co blanco x4000ml,$16.000 
Azúcar Riopaila blanca x2500g,$11.800 
Café Juan Valdez Colina molido x454g,$31.490 
Café Juan Valdez finca tostado grano x454g,$52.300 
Café Juan Valdez Liofilizado clásico soluble x250g,$51.690 
Sal Refisal bolsa x1000g,$2.580 
Arroz Diana blanco x5kg,$19.990 
Harina PAN maíz blanco x1000g,$3.390 
Arroz Diana blanco x10kg,$46.500 
Aceite Puroil vegetal x3000ml,$22.890 
Arroz Diana blanco x3kg,$13.950 
Pasta Clásica Spaghetti Doria x 1000 g.,$4.890 
Vinagre Cuisine&Co blanco x4000ml,$16.000 
Azúcar Riopaila blanca x2500g,$11.800 
Café Juan Valdez Colina molido x454g,$31.490 
Café Juan Valdez finca tostado grano x454g,$52.300 
Café Juan Valdez Liofilizado clásico soluble x250g,$51.690 
Sal Refisal bolsa x1000g,$2.580 
Café Juan Valdez Colina molido x454g,$31.490 
Café Juan Valdez Liofilizado clásico soluble x250g,$51.690 
Café Juan Valdez finca tostado grano x454g,$52.300 
Sal Refisal bolsa x1000g,$2.580 
Arroz Diana blanco x5kg,$19.990 
Harina PAN maíz blanco x1000g,$3.390 
Arroz Diana blanco x10kg,$46.500 
Aceite Puroil vegetal x3000ml,$22.890 
Arroz Diana blanco x3kg,$13.950 
Pasta Clásica Spaghetti Doria x 1000 g.,$4.890 
Vinagre Cuisine&Co blanco x4000ml,$16.000 
Azúcar Riopaila blanca x2500g,$11.800 
Pasta spaghetti Pastas La Muñeca x1000g,$7.100 
Chocolate Corona resellable x500g,$15.490 
Arroz Diana Premium blanco x4000g,$22.990 
Avena Quaker hojuela original gratis más contenido x1100g,$11.000 
Aromática Jaibel Yerbabuena-Mora x 20g,$9.910 
Pasta macarron El Dorado tricolor x250g,$12.990 
Té verde Hindú durazno x20und x26g,$12.990 
Vinagre blanco de la selva x 500ml.,$2.390 
Salsa Tomate Doy Pack X 200g,$5.590 
Guiso Listo El Rey x100g,$1.950 
Té negro Hindú Original x12und x19.2g,$4.190 
Salsa de Mayonesa Fruco Doypack 120g,$9.490 
Proteína Kibo vegetal soya fina x200g,$6.590 
Te matcha orgánico polvo Natures Heart x100g,$65.990 
Aceite Las Doscientas oliva extra virgen Picual x500ml,$54.390 
Mayonesa Best Choice japonesa x400g,$42.690 
Aceite A De Coco extra virgen x300ml,$43.990 
Maca Nature's Heart orgánica polvo x100g,$20.800 
Te twinings descafeinado caja x25 bolsas x2g c/u,$30.990 
Sardinas Pascuali en salsa de tomate x155g,$5.830 
Aceite De Ajonjolí Y Soya x 207ml,$23.290 
Reducción Piatto vinagre balsámico maracuyá x330g,$31.390 
Salsa soya Sakura x1L,$26.400 
Cóctel de frutas Cuisine&Co en almíbar x820g,$14.990 
Salsa La Costeña Mexicana Casera X 250G,$15.390 
Aceitunas SERPIS rellenas jamón serrano x 300 g,$23.190 
Azúcar Manuelita orgánica Tubopack x5und x50g c-u,$4.640 
Café Oma Línea Selecta x250g,$12.360 
Sazonador Mccormick Grill Mates pollo x77g,$11.470 
Panela La Gloria pulverizada x500g,$4.590 
Salsa Amazon Buffalo Picante x355ml,$11.620 
Cereal Carolina hojuela azucarada x1000g,$18.290 
Aromática Jaibel Yerbabuena-Mora x 20g,$9.910 
Pasta macarron El Dorado tricolor x250g,$12.990 
Té verde Hindú durazno x20und x26g,$12.990 
Vinagre blanco de la selva x 500ml.,$2.390 
Salsa Tomate Doy Pack X 200g,$5.590 
Guiso Listo El Rey x100g,$1.950 
Té negro Hindú Original x12und x19.2g,$4.190 
Salsa de Mayonesa Fruco Doypack 120g,$9.490 
Proteína Kibo vegetal soya fina x200g,$6.590 
Te matcha orgánico polvo Natures Heart x100g,$65.990 
Aceite Las Doscientas oliva extra virgen Picual x500ml,$54.390 
Mayonesa Best Choice japonesa x400g,$42.690 
Aceite A De Coco extra virgen x300ml,$43.990 
Maca Nature's Heart orgánica polvo x100g,$20.800 
Te twinings descafeinado caja x25 bolsas x2g c/u,$30.990 
Sardinas Pascuali en salsa de tomate x155g,$5.830 
Aceite De Ajonjolí Y Soya x 207ml,$23.290 
Reducción Piatto vinagre balsámico maracuyá x330g,$31.390 
Salsa soya Sakura x1L,$26.400 
Cóctel de frutas Cuisine&Co en almíbar x820g,$14.990 
Salsa La Costeña Mexicana Casera X 250G,$15.390 
Aceitunas SERPIS rellenas jamón serrano x 300 g,$23.190 
Azúcar Manuelita orgánica Tubopack x5und x50g c-u,$4.640 
Café Oma Línea Selecta x250g,$12.360 
Sazonador Mccormick Grill Mates pollo x77g,$11.470 
Panela La Gloria pulverizada x500g,$4.590 
Salsa Amazon Buffalo Picante x355ml,$11.620 
Cereal Carolina hojuela azucarada x1000g,$18.290 
Aromática Jaibel Yerbabuena-Mora x 20g,$9.910 
Pasta macarron El Dorado tricolor x250g,$12.990 
Té verde Hindú durazno x20und x26g,$12.990 
Vinagre blanco de la selva x 500ml.,$2.390 
Salsa Tomate Doy Pack X 200g,$5.590 
Guiso Listo El Rey x100g,$1.950 
Té negro Hindú Original x12und x19.2g,$4.190 
Salsa de Mayonesa Fruco Doypack 120g,$9.490 
Proteína Kibo vegetal soya fina x200g,$6.590 
Te matcha orgánico polvo Natures Heart x100g,$65.990 
Aceite Las Doscientas oliva extra virgen Picual x500ml,$54.390 
Mayonesa Best Choice japonesa x400g,$42.690 
Aceite A De Coco extra virgen x300ml,$43.990 
Maca Nature's Heart orgánica polvo x100g,$20.800 
Te twinings descafeinado caja x25 bolsas x2g c/u,$30.990 
Sardinas Pascuali en salsa de tomate x155g,$5.830 
Aceite De Ajonjolí Y Soya x 207ml,$23.290 
Reducción Piatto vinagre balsámico maracuyá x330g,$31.390 
Salsa soya Sakura x1L,$26.400 
Cóctel de frutas Cuisine&Co en almíbar x820g,$14.990 
Salsa La Costeña Mexicana Casera X 250G,$15.390 
Aceitunas SERPIS rellenas jamón serrano x 300 g,$23.190 
Azúcar Manuelita orgánica Tubopack x5und x50g c-u,$4.640 
Café Oma Línea Selecta x250g,$12.360 
Sazonador Mccormick Grill Mates pollo x77g,$11.470 
Panela La Gloria pulverizada x500g,$4.590 
Salsa Amazon Buffalo Picante x355ml,$11.620 
Cereal Carolina hojuela azucarada x1000g,$18.290 
Aromática Jaibel Yerbabuena-Mora x 20g,$9.910 
Pasta macarron El Dorado tricolor x250g,$12.990 
Té verde Hindú durazno x20und x26g,$12.990 
Vinagre blanco de la selva x 500ml.,$2.390 
Salsa Tomate Doy Pack X 200g,$5.590 
Guiso Listo El Rey x100g,$1.950 
Té negro Hindú Original x12und x19.2g,$4.190 
Salsa de Mayonesa Fruco Doypack 120g,$9.490 
Proteína Kibo vegetal soya fina x200g,$6.590 
Te matcha orgánico polvo Natures Heart x100g,$65.990 
Aceite Las Doscientas oliva extra virgen Picual x500ml,$54.390 
Mayonesa Best Choice japonesa x400g,$42.690 
Aceite A De Coco extra virgen x300ml,$43.990 
Maca Nature's Heart orgánica polvo x100g,$20.800 
Te twinings descafeinado caja x25 bolsas x2g c/u,$30.990 
Sardinas Pascuali en salsa de tomate x155g,$5.830 
Aceite De Ajonjolí Y Soya x 207ml,$23.290 
Reducción Piatto vinagre balsámico maracuyá x330g,$31.390 
Salsa soya Sakura x1L,$26.400 
Cóctel de frutas Cuisine&Co en almíbar x820g,$14.990 
Salsa La Costeña Mexicana Casera X 250G,$15.390 
Aceitunas SERPIS rellenas jamón serrano x 300 g,$23.190 
Azúcar Manuelita orgánica Tubopack x5und x50g c-u,$4.640 
Café Oma Línea Selecta x250g,$12.360 
Sazonador Mccormick Grill Mates pollo x77g,$11.470 
Panela La Gloria pulverizada x500g,$4.590 
Salsa Amazon Buffalo Picante x355ml,$11.620 
Cereal Carolina hojuela azucarada x1000g,$18.290 
Aromática Jaibel Yerbabuena-Mora x 20g,$9.910 
Pasta macarron El Dorado tricolor x250g,$12.990 
Té verde Hindú durazno x20und x26g,$12.990 
Vinagre blanco de la selva x 500ml.,$2.390 
Salsa Tomate Doy Pack X 200g,$5.590 
Guiso Listo El Rey x100g,$1.950 
Té negro Hindú Original x12und x19.2g,$4.190 
Salsa de Mayonesa Fruco Doypack 120g,$9.490 
Proteína Kibo vegetal soya fina x200g,$6.590 
Te matcha orgánico polvo Natures Heart x100g,$65.990 
Aceite Las Doscientas oliva extra virgen Picual x500ml,$54.390 
Mayonesa Best Choice japonesa x400g,$42.690 
Aceite A De Coco extra virgen x300ml,$43.990 
Maca Nature's Heart orgánica polvo x100g,$20.800 
Te twinings descafeinado caja x25 bolsas x2g c/u,$30.990 
Sardinas Pascuali en salsa de tomate x155g,$5.830 
Aceite De Ajonjolí Y Soya x 207ml,$23.290 
Reducción Piatto vinagre balsámico maracuyá x330g,$31.390 
Salsa soya Sakura x1L,$26.400 
Cóctel de frutas Cuisine&Co en almíbar x820g,$14.990 
Salsa La Costeña Mexicana Casera X 250G,$15.390 
Aceitunas SERPIS rellenas jamón serrano x 300 g,$23.190 
Azúcar Manuelita orgánica Tubopack x5und x50g c-u,$4.640 
Café Oma Línea Selecta x250g,$12.360 
Sazonador Mccormick Grill Mates pollo x77g,$11.470 
Panela La Gloria pulverizada x500g,$4.590 
Salsa Amazon Buffalo Picante x355ml,$11.620 
Cereal Carolina hojuela azucarada x1000g,$18.290 
Aromática Jaibel Yerbabuena-Mora x 20g,$9.910 
Pasta macarron El Dorado tricolor x250g,$12.990 
Té verde Hindú durazno x20und x26g,$12.990 
Vinagre blanco de la selva x 500ml.,$2.390 
Salsa Tomate Doy Pack X 200g,$5.590 
Guiso Listo El Rey x100g,$1.950 
Té negro Hindú Original x12und x19.2g,$4.190 
Salsa de Mayonesa Fruco Doypack 120g,$9.490 
Proteína Kibo vegetal soya fina x200g,$6.590 
Te matcha orgánico polvo Natures Heart x100g,$65.990 
Aceite Las Doscientas oliva extra virgen Picual x500ml,$54.390 
Mayonesa Best Choice japonesa x400g,$42.690 
Aceite A De Coco extra virgen x300ml,$43.990 
Maca Nature's Heart orgánica polvo x100g,$20.800 
Te twinings descafeinado caja x25 bolsas x2g c/u,$30.990 
Sardinas Pascuali en salsa de tomate x155g,$5.830 
Aceite De Ajonjolí Y Soya x 207ml,$23.290 
Reducción Piatto vinagre balsámico maracuyá x330g,$31.390 
Salsa soya Sakura x1L,$26.400 
Cóctel de frutas Cuisine&Co en almíbar x820g,$14.990 
Salsa La Costeña Mexicana Casera X 250G,$15.390 
Aceitunas SERPIS rellenas jamón serrano x 300 g,$23.190 
Azúcar Manuelita orgánica Tubopack x5und x50g c-u,$4.640 
Café Oma Línea Selecta x250g,$12.360 
Sazonador Mccormick Grill Mates pollo x77g,$11.470 
Panela La Gloria pulverizada x500g,$4.590 
Salsa Amazon Buffalo Picante x355ml,$11.620 
Cereal Carolina hojuela azucarada x1000g,$18.290 
Aromática Jaibel Yerbabuena-Mora x 20g,$9.910 
Pasta macarron El Dorado tricolor x250g,$12.990 
Té verde Hindú durazno x20und x26g,$12.990 
Vinagre blanco de la selva x 500ml.,$2.390 
Salsa Tomate Doy Pack X 200g,$5.590 
Guiso Listo El Rey x100g,$1.950 
Té negro Hindú Original x12und x19.2g,$4.190 
Salsa de Mayonesa Fruco Doypack 120g,$9.490 
Proteína Kibo vegetal soya fina x200g,$6.590 
Te matcha orgánico polvo Natures Heart x100g,$65.990 
Aceite Las Doscientas oliva extra virgen Picual x500ml,$54.390 
Mayonesa Best Choice japonesa x400g,$42.690 
Aceite A De Coco extra virgen x300ml,$43.990 
Maca Nature's Heart orgánica polvo x100g,$20.800 
Te twinings descafeinado caja x25 bolsas x2g c/u,$30.990 
Sardinas Pascuali en salsa de tomate x155g,$5.830 
Aceite De Ajonjolí Y Soya x 207ml,$23.290 
Reducción Piatto vinagre balsámico maracuyá x330g,$31.390 
Salsa soya Sakura x1L,$26.400 
Cóctel de frutas Cuisine&Co en almíbar x820g,$14.990 
Salsa La Costeña Mexicana Casera X 250G,$15.390 
Aceitunas SERPIS rellenas jamón serrano x 300 g,$23.190 
Azúcar Manuelita orgánica Tubopack x5und x50g c-u,$4.640 
Café Oma Línea Selecta x250g,$12.360 
Sazonador Mccormick Grill Mates pollo x77g,$11.470 
Panela La Gloria pulverizada x500g,$4.590 
Salsa Amazon Buffalo Picante x355ml,$11.620 
Cereal Carolina hojuela azucarada x1000g,$18.290 
Aromática Jaibel Yerbabuena-Mora x 20g,$9.910 
Pasta macarron El Dorado tricolor x250g,$12.990 
Té verde Hindú durazno x20und x26g,$12.990 
Vinagre blanco de la selva x 500ml.,$2.390 
Salsa Tomate Doy Pack X 200g,$5.590 
Guiso Listo El Rey x100g,$1.950 
Té negro Hindú Original x12und x19.2g,$4.190 
Salsa de Mayonesa Fruco Doypack 120g,$9.490 
Proteína Kibo vegetal soya fina x200g,$6.590 
Te matcha orgánico polvo Natures Heart x100g,$65.990 
Aceite Las Doscientas oliva extra virgen Picual x500ml,$54.390 
Mayonesa Best Choice japonesa x400g,$42.690 
Aceite A De Coco extra virgen x300ml,$43.990 
Maca Nature's Heart orgánica polvo x100g,$20.800 
Te twinings descafeinado caja x25 bolsas x2g c/u,$30.990 
Sardinas Pascuali en salsa de tomate x155g,$5.830 
Aceite De Ajonjolí Y Soya x 207ml,$23.290 
Reducción Piatto vinagre balsámico maracuyá x330g,$31.390 
Salsa soya Sakura x1L,$26.400 
Cóctel de frutas Cuisine&Co en almíbar x820g,$14.990 
Salsa La Costeña Mexicana Casera X 250G,$15.390 
Aceitunas SERPIS rellenas jamón serrano x 300 g,$23.190 
Azúcar Manuelita orgánica Tubopack x5und x50g c-u,$4.640 
Café Oma Línea Selecta x250g,$12.360 
Sazonador Mccormick Grill Mates pollo x77g,$11.470 
Panela La Gloria pulverizada x500g,$4.590 
Salsa Amazon Buffalo Picante x355ml,$11.620 
Cereal Carolina hojuela azucarada x1000g,$18.290 
Aromática Jaibel Yerbabuena-Mora x 20g,$9.910 
Pasta macarron El Dorado tricolor x250g,$12.990 
Té verde Hindú durazno x20und x26g,$12.990 
Vinagre blanco de la selva x 500ml.,$2.390 
Salsa Tomate Doy Pack X 200g,$5.590 
Guiso Listo El Rey x100g,$1.950 
Té negro Hindú Original x12und x19.2g,$4.190 
Salsa de Mayonesa Fruco Doypack 120g,$9.490 
Proteína Kibo vegetal soya fina x200g,$6.590 
Te matcha orgánico polvo Natures Heart x100g,$65.990 
Aceite Las Doscientas oliva extra virgen Picual x500ml,$54.390 
Mayonesa Best Choice japonesa x400g,$42.690 
Aceite A De Coco extra virgen x300ml,$43.990 
Maca Nature's Heart orgánica polvo x100g,$20.800 
Te twinings descafeinado caja x25 bolsas x2g c/u,$30.990 
Sardinas Pascuali en salsa de tomate x155g,$5.830 
Aceite De Ajonjolí Y Soya x 207ml,$23.290 
Reducción Piatto vinagre balsámico maracuyá x330g,$31.390 
Salsa soya Sakura x1L,$26.400 
Cóctel de frutas Cuisine&Co en almíbar x820g,$14.990 
Salsa La Costeña Mexicana Casera X 250G,$15.390 
Aceitunas SERPIS rellenas jamón serrano x 300 g,$23.190 
Azúcar Manuelita orgánica Tubopack x5und x50g c-u,$4.640 
Café Oma Línea Selecta x250g,$12.360 
Sazonador Mccormick Grill Mates pollo x77g,$11.470 
Panela La Gloria pulverizada x500g,$4.590 
Salsa Amazon Buffalo Picante x355ml,$11.620 
Cereal Carolina hojuela azucarada x1000g,$18.290 
Aromática Jaibel Yerbabuena-Mora x 20g,$9.910 
Pasta macarron El Dorado tricolor x250g,$12.990 
Té verde Hindú durazno x20und x26g,$12.990 
Vinagre blanco de la selva x 500ml.,$2.390 
Salsa Tomate Doy Pack X 200g,$5.590 
Guiso Listo El Rey x100g,$1.950 
Té negro Hindú Original x12und x19.2g,$4.190 
Salsa de Mayonesa Fruco Doypack 120g,$9.490 
Proteína Kibo vegetal soya fina x200g,$6.590 
Te matcha orgánico polvo Natures Heart x100g,$65.990 
Aceite Las Doscientas oliva extra virgen Picual x500ml,$54.390 
Mayonesa Best Choice japonesa x400g,$42.690 
Aceite A De Coco extra virgen x300ml,$43.990 
Maca Nature's Heart orgánica polvo x100g,$20.800 
Te twinings descafeinado caja x25 bolsas x2g c/u,$30.990 
Sardinas Pascuali en salsa de tomate x155g,$5.830 
Aceite De Ajonjolí Y Soya x 207ml,$23.290 
Reducción Piatto vinagre balsámico maracuyá x330g,$31.390 
Salsa soya Sakura x1L,$26.400 
Cóctel de frutas Cuisine&Co en almíbar x820g,$14.990 
Salsa La Costeña Mexicana Casera X 250G,$15.390 
Aceitunas SERPIS rellenas jamón serrano x 300 g,$23.190 
Azúcar Manuelita orgánica Tubopack x5und x50g c-u,$4.640 
Café Oma Línea Selecta x250g,$12.360 
Sazonador Mccormick Grill Mates pollo x77g,$11.470 
Panela La Gloria pulverizada x500g,$4.590 
Salsa Amazon Buffalo Picante x355ml,$11.620 
Cereal Carolina hojuela azucarada x1000g,$18.290 
Aromática Jaibel Yerbabuena-Mora x 20g,$9.910 
Pasta macarron El Dorado tricolor x250g,$12.990 
Té verde Hindú durazno x20und x26g,$12.990 
Vinagre blanco de la selva x 500ml.,$2.390 
Salsa Tomate Doy Pack X 200g,$5.590 
Guiso Listo El Rey x100g,$1.950 
Té negro Hindú Original x12und x19.2g,$4.190 
Salsa de Mayonesa Fruco Doypack 120g,$9.490 
Proteína Kibo vegetal soya fina x200g,$6.590 
Te matcha orgánico polvo Natures Heart x100g,$65.990 
Aceite Las Doscientas oliva extra virgen Picual x500ml,$54.390 
Mayonesa Best Choice japonesa x400g,$42.690 
Aceite A De Coco extra virgen x300ml,$43.990 
Maca Nature's Heart orgánica polvo x100g,$20.800 
Te twinings descafeinado caja x25 bolsas x2g c/u,$30.990 
Sardinas Pascuali en salsa de tomate x155g,$5.830 
Aceite De Ajonjolí Y Soya x 207ml,$23.290 
Reducción Piatto vinagre balsámico maracuyá x330g,$31.390 
Salsa soya Sakura x1L,$26.400 
Cóctel de frutas Cuisine&Co en almíbar x820g,$14.990 
Salsa La Costeña Mexicana Casera X 250G,$15.390 
Aceitunas SERPIS rellenas jamón serrano x 300 g,$23.190 
Azúcar Manuelita orgánica Tubopack x5und x50g c-u,$4.640 
Café Oma Línea Selecta x250g,$12.360 
Sazonador Mccormick Grill Mates pollo x77g,$11.470 
Panela La Gloria pulverizada x500g,$4.590 
Salsa Amazon Buffalo Picante x355ml,$11.620 
Cereal Carolina hojuela azucarada x1000g,$18.290 
